[
  {
    "id": "prefacio",
    "title": "Prefácio",
    "content": "Este não é um livro sobre se tornar uma nova pessoa.\nÉ um livro sobre voltar a respirar.\nSobre entender que você pode pausar, mesmo quando tudo ao redor grita por urgência.\nVocê não precisa acender incensos, repetir mantras ou fazer ioga às cinco da manhã para encontrar calma.\nVocê só precisa de um pouco de espaço. Um gole de silêncio. Uma escolha simples de não se atropelar.\n\nEste livro é um convite:\nA respirar antes de responder.\nA desacelerar antes de explodir.\nA cuidar de si com gentileza, mesmo quando o mundo exige força.\n\nAqui, você vai encontrar práticas simples, histórias reais e explicações diretas sobre como seu corpo e sua mente reagem ao estresse — e, mais importante: o que fazer com isso.\n\nNão é sobre perfeição.\nÉ sobre alívio.\nE isso pode começar agora.",
    "order": 0
  },
  {
    "id": "cap1",
    "title": "Quando o Corpo Grita e a Cabeça Não Aguenta",
    "content": "Você não acordou atrasado.\nMas sua mente já começou o dia em estado de emergência.\nAntes mesmo de sair da cama, o celular te bombardeou com notificações, cobranças, comparações.\nO corpo ainda estava tentando acordar… mas o cérebro já estava correndo como se tivesse que apagar incêndios invisíveis.\n\nEssa cena se repete todos os dias para milhões de pessoas.\nE o nome disso é exaustão emocional silenciosa.\n\nVocê não está triste. Nem exatamente deprimido. Mas também não está bem.\nHá um cansaço que parece que mora em você. E que não some com sono, férias ou finais de semana.\n\nIsso não é \"frescura\".\nNão é \"fraqueza\".\nÉ um colapso moderno que foi normalizado: viver sob pressão constante.\nE a verdade é que, aos poucos, isso nos quebra por dentro.\n\n**A história de Júlia**\n\nJúlia tinha 33 anos, dois filhos pequenos, uma rotina cheia e um senso de responsabilidade gigantesco.\nEla sempre foi \"a que resolve tudo\". No trabalho, na família, no grupo de amigos.\nMas havia meses em que ela sentia que estava no limite — mesmo sem ter passado por nenhum trauma evidente.\n\nUm dia, no meio de uma reunião simples, ela começou a tremer.\nSua visão embaçou. O coração disparou.\nAchou que ia morrer.\nLevou horas para descobrir que era \"só\" um ataque de pânico.\n\nNaquela noite, ela chorou no banheiro tentando entender o que tinha acontecido.\n\"Mas minha vida está boa…\", ela repetia para si.\nE estava mesmo.\nMas seu corpo estava gritando por algo que ela ignorava há anos:\nUma pausa. Um respiro. Um cuidado consigo.\nEla só entendia o valor disso depois que tudo desabou.\n\n**Quando a mente acelera mais do que o corpo aguenta**\n\nSeu cérebro tem um sistema de sobrevivência chamado resposta de luta ou fuga.\nÉ um mecanismo que nos protege desde os tempos em que precisávamos correr de predadores na selva.\n\nO problema é que, hoje, o \"predador\" não é um tigre.\nÉ o e-mail não respondido.\nÉ a dívida.\nÉ o medo de ser insuficiente.\nÉ a pressão de parecer forte o tempo todo.\n\nE o seu cérebro não sabe diferenciar isso tudo.\nEle simplesmente reage como se você estivesse em perigo real.\n\nResultado:\n• Coração acelerado\n• Respiração curta\n• Músculos tensos\n• Sistema digestivo desregulado\n• Sono leve e não reparador\n• Ansiedade constante\n• Explosões emocionais\n\nIsso tudo se torna o novo normal.\nE viver nesse modo cobra um preço.\n\n**A pausa que salva: prática de 1 minuto**\n\nVamos interromper esse ciclo, agora.\nFeche os olhos.\nInspire pelo nariz contando até 4.\nSegure o ar por 4 segundos.\nExpire lentamente pela boca contando até 6.\nFique sem ar por 2 segundos.\nRepita isso 3 vezes. Agora.\n\nEssa simples respiração reduz a atividade do sistema nervoso simpático (o do estresse) e ativa o parassimpático (o do relaxamento).\nÉ um botão de \"reset\" que seu corpo está implorando para que você use.",
    "order": 1
  },
  {
    "id": "cap2",
    "title": "O Que o Estresse Está Fazendo com o Seu Corpo (E Como Reverter)",
    "content": "A vida moderna tem o dom de nos convencer de que estar cansado, ansioso e sem energia é apenas parte da \"rotina adulta\".\n\nMas não é.\nIsso não é o seu natural.\nÉ o seu corpo gritando por socorro — e você aprendeu a ignorar.\n\nNeste capítulo, vamos entender o que acontece dentro de você quando vive em constante estado de estresse e, mais importante ainda, como aliviar isso. Sem jargões, sem misticismo, sem promessas mágicas. Só ciência, prática e presença.\n\n**Você não está fraco. Você está sobrecarregado.**\n\nO seu corpo é uma máquina extraordinária.\nMas até máquinas param.\n\nO estresse, quando crônico, não é apenas um \"incômodo\". Ele se infiltra em todos os sistemas do seu corpo como uma infiltração silenciosa: umidade nas paredes da mente.\n\nVamos desmistificar esse processo agora.\n\n**O seu corpo em modo de sobrevivência:**\n\nImagine que você está numa floresta e vê uma onça.\nSeu cérebro entra em alerta total: a amígdala cerebral (a parte que detecta perigo) ativa a liberação de adrenalina e cortisol, os hormônios do estresse.\n\nIsso é ótimo se você realmente estiver em perigo.\nMas sabe o que acontece quando você sente esse mesmo alerta por causa de:\n• Uma conta atrasada\n• Um e-mail agressivo\n• Uma comparação nas redes sociais\n• O medo de decepcionar alguém\n• A culpa por descansar?\n\nO mesmo processo acontece.\nSeu cérebro ativa o modo sobrevivência por algo que não é uma ameaça real.\nE isso, repetido mil vezes por semana, intoxica o seu corpo.\n\n**Efeitos reais do estresse crônico:**\n\n• Sistema digestivo lento ou travado (sensação de estômago embrulhado, azia, constipação ou diarreia)\n• Insônia ou sono superficial (você dorme, mas acorda cansado)\n• Queda de cabelo, unhas fracas, pele opaca (o corpo economiza energia desviando de onde não é prioridade)\n• Baixa imunidade (adoece com facilidade)\n• Dificuldade de concentração e memória (o excesso de cortisol afeta o hipocampo, área ligada à memória)\n• Desconexão emocional (você se sente \"entorpecido\", como se nada fizesse sentido)\n\n**Como reverter os efeitos do estresse**\n\nAqui estão estratégias simples, práticas e validadas que você pode aplicar desde já. Não precisa mudar de vida — só mudar de ritmo.\n\n1. **Ative o sistema parassimpático com o toque certo**\nToque com a ponta dos dedos a área do peito (sobre o esterno), como se fizesse carinho em si mesmo. Respire devagar. Isso manda sinais calmantes ao cérebro.\n\n2. **Reduza estímulos visuais por 10 minutos**\nDesligue telas. Feche os olhos. A luz intensa estimula o cérebro. O escuro sinaliza descanso.\n\n3. **Reencontre sua respiração**\nFaça a técnica 4-7-8:\nInspire em 4 segundos\nSegure por 7 segundos\nExpire lentamente em 8 segundos\nRepita 3 vezes.\n\n4. **Reconheça o que está sob seu controle**\nCrie duas listas:\n• O que posso mudar?\n• O que preciso aceitar (por agora)?\nO estresse aumenta quando você tenta controlar o que não depende de você.",
    "order": 2
  },
  {
    "id": "cap3",
    "title": "Rituais de Calma: Pequenas Práticas Que Funcionam de Verdade",
    "content": "Nem sempre o que você precisa é de um feriado.\nÀs vezes, o que falta é um minuto inteiro só seu.\n\nEsse capítulo é um convite:\nA criar momentos que te devolvam o controle do agora.\nPequenas pausas conscientes que funcionam como micro doses de autocuidado, mesmo nos dias mais difíceis.\n\nSe você acha que calma é algo para os privilegiados, errou.\nCalma é prática.\nÉ treino.\nÉ escolha diária — ainda que por poucos minutos.\n\nE aqui, você vai encontrar os rituais de calma que realmente funcionam. Sem fórmulas mágicas. Sem misticismo. Só você, sua respiração, e o agora.\n\n**Por que criar rituais importa?**\n\nRituais ativam uma parte do cérebro ligada à segurança emocional.\nQuando repetidos, eles criam um campo mental de conforto, previsibilidade e controle interno — mesmo que o mundo esteja um caos.\n\nE isso muda tudo.\n• Diminui a ansiedade\n• Reduz o cortisol\n• Aumenta a clareza mental\n• Melhora o humor\n• Reforça sua autoestima\n\nRituais são como âncoras no mar da sobrecarga.\n\n**Rituais de calma que você pode começar agora**\n\n**1. O chá da mente presente**\nTempo: 7 minutos\nMaterial: 1 xícara, 1 chá de sua escolha\n\n• Ferva a água com intenção.\n• Ao despejar na xícara, observe o vapor subir.\n• Segure a xícara com as duas mãos.\n• Respire fundo antes de cada gole.\n• Preste atenção no sabor, na temperatura, no cheiro.\n• Entre um gole e outro: silêncio.\n\nEsse ritual desacelera a mente acelerada e traz você para o agora.\n\n**2. O banho que lava o cansaço**\nTempo: 10 minutos\nMaterial: chuveiro quente, sabonete com aroma suave\n\n• Entre no banho como quem entra em um templo.\n• Enquanto a água cai, repita: \"aqui eu solto o que não é meu.\"\n• Massageie o couro cabeludo devagar.\n• Enxágue lentamente, sentindo a água \"levar embora o excesso\".\n• Termine com respirações profundas.\n\nVocê sairá diferente. E limpo não só por fora.\n\n**3. A escrita que esvazia**\nTempo: 5 minutos\nMaterial: caderno ou bloco de notas\n\n• Escreva sem pensar, sem censura, sem pontuação.\n• Derrame os pensamentos como vierem.\n• Não leia depois.\n• Rasgue, se quiser.\n• Apenas esvazie.\n\nEssa prática descarrega a mente e desbloqueia emoções presas.\n\n**4. A pausa dos sentidos**\nTempo: 3 minutos\nObjetivo: aterramento sensorial\n\nObserve:\n• 5 coisas que você pode ver\n• 4 coisas que pode tocar\n• 3 coisas que pode ouvir\n• 2 coisas que pode cheirar\n• 1 coisa que pode saborear ou imaginar\n\nEssa técnica é poderosa para crises de ansiedade.",
    "order": 3
  },
  {
    "id": "cap4",
    "title": "Escolha Um Pensamento Melhor",
    "content": "Você já reparou que sua mente tem uma tendência natural para o drama?\n\nEla pega uma situação simples e transforma em catástrofe.\nUm atraso no trânsito vira \"meu dia está arruinado\".\nUm comentário neutro vira \"essa pessoa me odeia\".\nUm erro pequeno vira \"eu sou um fracasso\".\n\nIsso não é coincidência.\nÉ evolução.\n\nSeu cérebro foi programado para detectar perigos e problemas. Era uma questão de sobrevivência.\nMas hoje, essa mesma programação que nos salvou na selva está nos afogando na cidade.\n\n**O diálogo interno que te sabota**\n\nVocê fala consigo mesmo o dia inteiro.\nE, na maioria das vezes, não é muito gentil.\n\nSe você falasse com um amigo do jeito que fala consigo, provavelmente perderia essa amizade.\n\n\"Você é burro.\"\n\"Nunca vai conseguir.\"\n\"Todo mundo é melhor que você.\"\n\"Você não merece.\"\n\nEsse diálogo interno tóxico não é \"motivação\".\nÉ autossabotagem.\n\nE a boa notícia é: você pode mudar isso.\n\n**Como escolher pensamentos melhores**\n\n**1. Observe sem julgar**\nPrimeiro, você precisa perceber o que está pensando.\nDurante um dia, anote os pensamentos automáticos que surgem.\nSem tentar mudá-los ainda. Só observe.\n\n**2. Questione a veracidade**\nPergunta poderosa: \"Isso é verdade ou é só um pensamento?\"\nA maioria dos nossos medos são projeções, não fatos.\n\n**3. Reformule com gentileza**\nEm vez de: \"Eu sempre estrago tudo\"\nTente: \"Eu cometi um erro, e isso é humano. Posso aprender com isso.\"\n\nEm vez de: \"Ninguém me ama\"\nTente: \"Estou me sentindo sozinho agora, mas isso vai passar.\"\n\n**4. Use a técnica do \"melhor amigo\"**\nAntes de falar algo para si mesmo, pergunte:\n\"Eu falaria isso para meu melhor amigo?\"\nSe a resposta for não, reformule.\n\n**O poder da autocompaixão**\n\nAutocompaixão não é autoindulgência.\nÉ tratamento de emergência para a alma ferida.\n\nQuando você erra, em vez de se atacar, tente:\n\"Isso é difícil. Eu estou sofrendo. Mas eu não estou sozinho nisso. Posso ser gentil comigo agora.\"\n\nEssa mudança simples de linguagem interna pode transformar sua relação consigo mesmo.\n\n**Exercício prático: o diário de pensamentos**\n\nDurante uma semana, anote:\n1. Situação que me estressou\n2. Pensamento automático que tive\n3. Como me senti com esse pensamento\n4. Pensamento alternativo mais gentil\n5. Como me sinto agora\n\nEsse exercício treina seu cérebro para escolher pensamentos que te fortalecem, não que te destroem.",
    "order": 4
  },
  {
    "id": "cap5",
    "title": "O Corpo Também Sente",
    "content": "Você já tentou resolver ansiedade só com a mente?\nÉ como tentar apagar um incêndio com mais fogo.\n\nSeu corpo não é apenas um \"veículo\" para carregar sua cabeça por aí.\nEle é parte integral da sua experiência emocional.\n\nQuando você está ansioso, seu corpo sabe.\nQuando está triste, ele sente.\nQuando está com raiva, ele reage.\n\nE quando você cuida do corpo, a mente se acalma junto.\n\n**A conexão corpo-mente que você ignora**\n\nSeu corpo fala uma linguagem que sua mente às vezes não entende.\nMas ele está sempre tentando te avisar:\n\n• Ombros tensos = você está carregando peso demais\n• Mandíbula travada = você está segurando raiva\n• Respiração curta = você está em modo de sobrevivência\n• Estômago embrulhado = você está processando estresse\n• Peito apertado = você precisa chorar ou se expressar\n\nIgnorar esses sinais é como desligar o alarme de incêndio em vez de apagar o fogo.\n\n**Práticas corporais que acalmam a mente**\n\n**1. Respiração consciente**\nSua respiração é a ponte entre corpo e mente.\nQuando você respira devagar e profundo, está literalmente dizendo ao seu sistema nervoso: \"está tudo bem, pode relaxar\".\n\nTécnica simples:\n• Inspire por 4 segundos\n• Segure por 4 segundos\n• Expire por 6 segundos\n• Repita 10 vezes\n\n**2. Movimento gentil**\nVocê não precisa virar atleta.\nPrecisa apenas mover o corpo com intenção.\n\n• Alongue-se ao acordar\n• Caminhe sem pressa\n• Dance sozinho no quarto\n• Faça movimentos circulares com os ombros\n\nMovimento libera tensão acumulada e produz endorfinas naturais.\n\n**3. Toque terapêutico**\nSeu próprio toque pode ser curativo.\n\n• Massageie as têmporas quando estiver estressado\n• Coloque a mão no coração quando estiver ansioso\n• Faça carinho no próprio braço quando estiver triste\n• Pressione suavemente os pontos de tensão no pescoço\n\nEsse autocuidado físico envia sinais de segurança ao cérebro.\n\n**4. Banhos terapêuticos**\nÁgua quente relaxa músculos e mente.\nTransforme seu banho em ritual de cura:\n\n• Use água na temperatura que te conforta\n• Respire o vapor\n• Imagine que está lavando o estresse\n• Termine com água mais fria para ativar a circulação\n\n**A alimentação que nutre a calma**\n\nO que você come afeta diretamente como se sente.\n\nAlimentos que promovem calma:\n• Chás de camomila, erva-cidreira, passiflora\n• Alimentos ricos em magnésio (banana, abacate, castanhas)\n• Chocolate amargo (com moderação)\n• Alimentos ricos em ômega-3 (peixes, linhaça, chia)\n\nAlimentos que aumentam ansiedade:\n• Excesso de cafeína\n• Açúcar refinado em excesso\n• Álcool\n• Alimentos ultraprocessados\n\n**O sono que cura**\n\nSeu corpo se regenera durante o sono.\nSem sono adequado, sua capacidade de lidar com estresse despenca.\n\nRitual de sono reparador:\n• Desligue telas 1 hora antes de dormir\n• Mantenha o quarto fresco e escuro\n• Faça respirações profundas na cama\n• Use técnicas de relaxamento muscular progressivo\n\n**Exercício: o check-in corporal**\n\nTodos os dias, faça uma pausa e pergunte ao seu corpo:\n\"Como você está se sentindo hoje?\"\n\"Onde você está guardando tensão?\"\n\"Do que você precisa agora?\"\n\nEscute as respostas.\nSeu corpo é seu aliado mais antigo.\nÉ hora de tratá-lo como tal.",
    "order": 5
  },
  {
    "id": "cap6",
    "title": "Você Não Está Atrasado: O Tempo Não É Seu Inimigo",
    "content": "\"Eu deveria estar mais avançado na vida.\"\n\"Todo mundo da minha idade já conseguiu isso.\"\n\"Estou perdendo tempo.\"\n\"Já é tarde demais para mim.\"\n\nSe esses pensamentos são familiares, você não está sozinho.\nVivemos numa cultura obcecada por cronogramas, marcos e comparações.\n\nMas e se eu te dissesse que você não está atrasado?\nQue não existe um cronômetro universal marcando seu \"sucesso\"?\nQue cada pessoa tem seu próprio ritmo, e isso não é falha — é humanidade?\n\n**A ilusão da linha do tempo perfeita**\n\nA sociedade criou uma linha do tempo imaginária:\n• Aos 20, você deveria saber o que quer da vida\n• Aos 25, deveria estar estabelecido na carreira\n• Aos 30, deveria ter casa própria e relacionamento sério\n• Aos 35, deveria ter filhos\n• E por aí vai...\n\nMas a vida real não segue roteiros.\nEla é bagunçada, imprevisível, cheia de desvios e recomeços.\n\nE isso não é problema.\nÉ a beleza de ser humano.\n\n**O mito da produtividade constante**\n\nVocê foi condicionado a acreditar que precisa estar sempre \"produzindo\".\nSempre crescendo.\nSempre conquistando.\nSempre melhorando.\n\nMas a natureza não funciona assim.\nÁrvores têm estações de crescimento e estações de repouso.\nA terra precisa de períodos de descanso para se regenerar.\nSeu corpo precisa de sono para se curar.\n\nPor que você seria diferente?\n\n**Fases da vida que ninguém te contou**\n\n**1. A fase da confusão (qualquer idade)**\nQuando você não sabe o que quer, para onde vai, ou quem é.\nIsso não é fracasso. É exploração.\n\n**2. A fase da desconstrução (qualquer idade)**\nQuando tudo que você acreditava sobre si mesmo ou sobre a vida desmorona.\nIsso não é fim. É renovação.\n\n**3. A fase da reconstrução (qualquer idade)**\nQuando você lentamente reconstrói sua vida com mais consciência.\nIsso não é atraso. É sabedoria.\n\n**4. A fase da aceitação (qualquer idade)**\nQuando você para de lutar contra quem você é e abraça sua jornada única.\nIsso não é conformismo. É liberdade.\n\n**Como parar de se comparar**\n\n**1. Lembre-se: você só vê o highlight reel dos outros**\nNas redes sociais, na conversa casual, no trabalho — você só vê os momentos \"bons\" da vida dos outros.\nVocê não vê as crises, as dúvidas, os medos, os fracassos.\n\n**2. Foque na sua própria evolução**\nEm vez de se comparar com outros, compare-se com quem você era ontem.\nQualquer progresso, por menor que seja, é válido.\n\n**3. Celebre os pequenos avanços**\nVocê não precisa de grandes conquistas para se orgulhar.\nLevantou da cama num dia difícil? Vitória.\nTeve uma conversa difícil? Crescimento.\nAprendeu algo novo? Evolução.\n\n**4. Redefina sucesso**\nSucesso não é apenas dinheiro, status ou conquistas externas.\nSucesso pode ser:\n• Paz interior\n• Relacionamentos saudáveis\n• Autoconhecimento\n• Capacidade de lidar com adversidades\n• Gentileza consigo mesmo\n\n**O tempo como aliado, não inimigo**\n\nO tempo não está passando \"contra\" você.\nEle está passando \"com\" você.\n\nCada experiência — boa ou ruim — está te moldando.\nCada \"atraso\" pode ser redirecionamento.\nCada \"fracasso\" pode ser aprendizado.\nCada pausa pode ser preparação.\n\n**Exercício: a carta para si mesmo**\n\nEscreva uma carta para você mesmo como se fosse seu melhor amigo.\nNessa carta, inclua:\n\n1. Reconhecimento por tudo que você já superou\n2. Validação pelos seus sentimentos atuais\n3. Lembretes sobre suas qualidades únicas\n4. Encorajamento para continuar no seu ritmo\n5. Permissão para ser humano e imperfeito\n\nGuarde essa carta.\nLeia sempre que a pressa e a comparação tentarem te dominar.\n\nVocê não está atrasado.\nVocê está exatamente onde precisa estar para aprender o que precisa aprender.\n\nE isso é perfeito.",
    "order": 6
  },
  {
    "id": "cap7",
    "title": "Presença: O Antídoto para a Mente Que Corre Demais",
    "content": "Sua mente está sempre em outro lugar.\n\nEnquanto você escova os dentes, ela está planejando o dia.\nEnquanto você almoça, ela está revisando a reunião da manhã.\nEnquanto você conversa com alguém, ela está pensando na resposta.\n\nVocê vive no piloto automático.\nE isso te rouba a vida.\n\nPresença não é um conceito místico.\nÉ uma habilidade prática.\nÉ a capacidade de estar onde você está, quando você está.\n\nE pode ser treinada.\n\n**Por que sua mente foge do presente**\n\nSeu cérebro foi programado para:\n• Antecipar problemas (ansiedade sobre o futuro)\n• Processar experiências (ruminação sobre o passado)\n• Buscar estímulos (tédio com o momento atual)\n\nIsso era útil quando precisávamos sobreviver na natureza.\nMas hoje, essa mesma programação nos mantém presos em loops mentais que nos esgotam.\n\n**Os sinais de que você não está presente**\n\n• Você come sem sentir o sabor\n• Você ouve sem realmente escutar\n• Você anda sem notar o caminho\n• Você responde mensagens enquanto faz outras coisas\n• Você se sente desconectado de si mesmo e dos outros\n• Você tem a sensação de que o tempo \"voa\" sem você aproveitar\n\n**Como voltar ao agora**\n\n**1. Use os sentidos como âncora**\nQuando perceber que sua mente está vagando:\n• Observe 3 coisas que você pode ver\n• Escute 2 sons ao seu redor\n• Sinta 1 sensação física (pés no chão, ar na pele)\n\nIsso te traz instantaneamente para o presente.\n\n**2. Pratique a respiração consciente**\nSua respiração sempre acontece no agora.\nQuando você foca nela, automaticamente se torna presente.\n\nTécnica simples:\n• Respire normalmente\n• Conte as respirações de 1 a 10\n• Se perder a conta, volte para 1\n• Sem julgamento, apenas recomeçe\n\n**3. Faça uma coisa de cada vez**\nMultitarefa é inimiga da presença.\nQuando você faz várias coisas ao mesmo tempo, não está realmente presente em nenhuma.\n\nExperimente:\n• Comer sem olhar o celular\n• Conversar sem pensar na resposta\n• Caminhar sem ouvir música\n• Trabalhar sem abrir outras abas\n\n**4. Use lembretes de presença**\nColoque alarmes no celular com mensagens como:\n• \"Onde você está agora?\"\n• \"Como você está se sentindo?\"\n• \"Respire fundo\"\n• \"Volte para o agora\"\n\n**Presença nos relacionamentos**\n\nA maior parte dos problemas de relacionamento vem da falta de presença.\n\nQuando você está realmente presente com alguém:\n• Você escuta sem planejar a resposta\n• Você percebe as emoções por trás das palavras\n• Você responde em vez de reagir\n• Você cria conexão genuína\n\n**Exercício: o banho presente**\n\nTransforme seu banho diário em prática de presença:\n\n1. Antes de entrar, faça 3 respirações profundas\n2. Sinta a temperatura da água na pele\n3. Observe o cheiro do sabonete\n4. Escute o som da água caindo\n5. Quando a mente vagar, volte gentilmente para as sensações\n\nEsse exercício treina sua capacidade de estar presente em atividades cotidianas.\n\n**Presença não é ausência de pensamentos**\n\nUm equívoco comum é achar que presença significa \"mente vazia\".\nNão é.\n\nPresença é:\n• Perceber quando sua mente está vagando\n• Voltar gentilmente para o momento atual\n• Aceitar os pensamentos sem se perder neles\n• Escolher onde colocar sua atenção\n\n**Os benefícios da presença**\n\nQuando você pratica presença regularmente:\n• Reduz ansiedade (menos preocupação com o futuro)\n• Diminui depressão (menos ruminação sobre o passado)\n• Melhora relacionamentos (conexão mais profunda)\n• Aumenta criatividade (mente mais clara)\n• Intensifica experiências (você realmente \"vive\" os momentos)\n\n**Exercício final: o dia presente**\n\nEscolha um dia da semana para ser seu \"dia presente\".\nNesse dia:\n\n• Acorde sem pegar o celular imediatamente\n• Tome café da manhã prestando atenção no sabor\n• Caminhe observando o ambiente\n• Converse olhando nos olhos das pessoas\n• Trabalhe focando em uma tarefa por vez\n• Termine o dia refletindo sobre os momentos em que você esteve realmente presente\n\nPresença é um presente que você dá para si mesmo.\nE para todos ao seu redor.\n\nComece agora.\nEste momento é tudo que você tem.\nE é mais que suficiente.",
    "order": 7
  },
  {
    "id": "cap8",
    "title": "Dizer Não Também É Um Gesto de Amor",
    "content": "\"Você pode ficar até mais tarde hoje?\"\n\"Pode me ajudar com isso?\"\n\"Vamos sair hoje à noite?\"\n\"Pode cuidar disso para mim?\"\n\nE você, mesmo exausto, mesmo sobrecarregado, mesmo precisando de tempo para si, responde:\n\"Claro.\"\n\"Sem problema.\"\n\"Pode deixar.\"\n\nPor quê?\n\nPorque você aprendeu que dizer \"não\" é egoísmo.\nQue suas necessidades vêm depois das dos outros.\nQue ser \"boa pessoa\" significa estar sempre disponível.\n\nMas e se eu te dissesse que dizer \"não\" pode ser o gesto mais amoroso que você pode fazer?\n\n**O mito da disponibilidade infinita**\n\nVocê não é uma máquina.\nNão tem energia ilimitada.\nNão pode estar em todos os lugares ao mesmo tempo.\nNão pode resolver todos os problemas.\n\nE isso não é falha.\nÉ humanidade.\n\nQuando você diz \"sim\" para tudo, está dizendo \"não\" para:\n• Seu descanso\n• Sua saúde mental\n• Seus sonhos\n• Suas prioridades\n• Sua família\n• Você mesmo\n\n**Por que é tão difícil dizer não**\n\n**1. Medo da rejeição**\nVocê tem medo de que as pessoas não gostem mais de você se você disser não.\nMas pessoas que só gostam de você quando você diz \"sim\" não são suas pessoas.\n\n**2. Culpa**\nVocê se sente culpado por \"decepcionar\" alguém.\nMas você não é responsável pela felicidade dos outros.\n\n**3. Síndrome do salvador**\nVocê acredita que precisa resolver todos os problemas.\nMas quando você resolve tudo para os outros, está impedindo que eles cresçam.\n\n**4. Baixa autoestima**\nVocê não acredita que suas necessidades são importantes.\nMas elas são. Tanto quanto as de qualquer outra pessoa.\n\n**Como dizer não com amor**\n\n**1. Seja direto e gentil**\n\"Não vou conseguir ajudar com isso agora.\"\n\"Obrigado pelo convite, mas não posso ir.\"\n\"Não tenho disponibilidade para isso no momento.\"\n\n**2. Não se justifique excessivamente**\nVocê não precisa dar uma lista de motivos.\n\"Não\" é uma frase completa.\n\n**3. Ofereça alternativas quando possível**\n\"Não posso fazer isso agora, mas posso ajudar na próxima semana.\"\n\"Não posso ir, mas adoraria marcar outro dia.\"\n\n**4. Seja firme e carinhoso**\n\"Eu te amo, mas não posso fazer isso.\"\n\"Você é importante para mim, e por isso preciso ser honesto sobre meus limites.\"\n\n**Quando dizer não é urgente**\n\n• Quando você já está sobrecarregado\n• Quando a solicitação vai contra seus valores\n• Quando você está sendo manipulado\n• Quando sua saúde mental está em risco\n• Quando você precisa de tempo para si\n• Quando a pessoa pode resolver sozinha\n• Quando você está dizendo \"sim\" por culpa, não por vontade\n\n**O \"não\" que liberta**\n\nQuando você aprende a dizer não:\n• Você tem mais energia para o que realmente importa\n• Seus \"sins\" se tornam mais genuínos\n• Você ensina as pessoas a respeitarem seus limites\n• Você se torna um exemplo de autocuidado\n• Você para de se ressentir dos outros\n• Você recupera o controle da sua vida\n\n**Exercício: o inventário de compromissos**\n\nFaça uma lista de todos os seus compromissos atuais:\n• Trabalho\n• Relacionamentos\n• Atividades\n• Responsabilidades\n\nPara cada item, pergunte:\n1. Isso me traz alegria ou crescimento?\n2. Isso está alinhado com meus valores?\n3. Eu escolhi isso ou foi imposto?\n4. O que aconteceria se eu dissesse não?\n\nIdentifique o que você pode eliminar ou reduzir.\n\n**Frases para praticar**\n\n• \"Deixe-me verificar minha agenda e te respondo.\"\n• \"Isso não se encaixa nas minhas prioridades agora.\"\n• \"Não é um bom momento para mim.\"\n• \"Preciso focar em outras coisas no momento.\"\n• \"Obrigado por pensar em mim, mas não posso.\"\n\n**O \"não\" como autocuidado**\n\nDizer não não é egoísmo.\nÉ autopreservação.\nÉ honestidade.\nÉ respeito por si mesmo.\n\nQuando você cuida bem de si, tem mais para oferecer aos outros.\nQuando você respeita seus limites, ensina os outros a respeitarem também.\nQuando você diz não para o que não serve, está dizendo sim para o que importa.\n\n**Para terminar: a carta de permissão**\n\nEscreva uma carta dando permissão para si mesmo:\n\n\"Eu me dou permissão para:\n• Dizer não sem me justificar\n• Priorizar meu bem-estar\n• Decepcionar pessoas às vezes\n• Ter limites claros\n• Mudar de ideia\n• Ser humano e imperfeito\n• Cuidar de mim primeiro\"\n\nAssine essa carta.\nLeia sempre que a culpa tentar te convencer do contrário.\n\nSeu \"não\" é sagrado.\nUse-o com sabedoria e sem culpa.\n\nVocê merece uma vida onde suas escolhas são respeitadas.\nComeçando por você mesmo.",
    "order": 8
  },
  {
    "id": "cap9",
    "title": "Silêncio: A Pausa Que Cura o Barulho da Alma",
    "content": "Quando foi a última vez que você ficou em silêncio?\n\nSilêncio de verdade.\nSem música.\nSem podcast.\nSem televisão.\nSem conversas.\nSem notificações.\n\nApenas você e o silêncio.\n\nSe você não consegue lembrar, não está sozinho.\nVivemos numa cultura que tem medo do silêncio.\nComo se ele fosse vazio.\nComo se fosse perda de tempo.\nComo se fosse... perigoso.\n\nMas o silêncio não é ausência.\nÉ presença.\nÉ onde sua alma respira.\nÉ onde sua mente se reorganiza.\nÉ onde você se reencontra.\n\n**Por que fugimos do silêncio**\n\n**1. Medo dos próprios pensamentos**\nNo silêncio, não há distrações.\nVocê fica cara a cara com seus pensamentos, medos, ansiedades.\nE isso pode ser desconfortável no início.\n\n**2. Vício em estímulos**\nSeu cérebro se acostumou com estímulos constantes.\nSilêncio pode parecer \"entediante\" para uma mente viciada em dopamina.\n\n**3. Pressão social**\nA sociedade valoriza o \"fazer\", não o \"ser\".\nSilêncio pode parecer \"improdutivo\".\n\n**4. Medo da solidão**\nConfundimos silêncio com solidão.\nMas silêncio é encontro consigo mesmo, não abandono.\n\n**Os benefícios do silêncio**\n\nPesquisas científicas mostram que o silêncio:\n• Reduz cortisol (hormônio do estresse)\n• Estimula o crescimento de novas células cerebrais\n• Melhora a memória e concentração\n• Ativa o sistema nervoso parassimpático (relaxamento)\n• Aumenta a criatividade\n• Fortalece a intuição\n• Promove autoconhecimento\n\n**Tipos de silêncio**\n\n**1. Silêncio externo**\nAusência de ruídos e estímulos externos.\nCriar um ambiente físico silencioso.\n\n**2. Silêncio interno**\nAcalmar o diálogo mental constante.\nObservar pensamentos sem se envolver com eles.\n\n**3. Silêncio emocional**\nPausar as reações emocionais automáticas.\nCriar espaço entre estímulo e resposta.\n\n**4. Silêncio digital**\nDesconectar de dispositivos e redes sociais.\nCriar períodos livres de tecnologia.\n\n**Como incorporar silêncio na sua vida**\n\n**1. Comece pequeno**\n• 2 minutos de silêncio ao acordar\n• 5 minutos antes de dormir\n• Pausas silenciosas entre atividades\n\n**2. Crie rituais de silêncio**\n• Café da manhã em silêncio\n• Caminhadas sem fone\n• Banhos contemplativos\n• Momentos de gratidão silenciosa\n\n**3. Estabeleça zonas livres de ruído**\n• Quarto sem televisão\n• Refeições sem celular\n• Primeiro e último hora do dia sem tecnologia\n\n**4. Pratique o silêncio ativo**\n• Meditação\n• Contemplação da natureza\n• Respiração consciente\n• Observação sem julgamento\n\n**O silêncio que cura**\n\n**Para ansiedade:**\nO silêncio quebra o ciclo de pensamentos ansiosos.\nQuando você para de alimentar a ansiedade com mais estímulos, ela naturalmente diminui.\n\n**Para raiva:**\nO silêncio cria espaço entre o gatilho e a reação.\nVocê pode escolher como responder em vez de reagir automaticamente.\n\n**Para tristeza:**\nO silêncio permite que você sinta a tristeza sem tentar escapar dela.\nE o que é sentido pode ser curado.\n\n**Para confusão:**\nNo silêncio, a mente se organiza.\nSoluções emergem quando paramos de forçar respostas.\n\n**Exercício: o retiro silencioso pessoal**\n\nUma vez por semana, faça um \"retiro\" de 30 minutos:\n\n1. Desligue todos os dispositivos\n2. Encontre um lugar confortável\n3. Sente-se em silêncio\n4. Observe seus pensamentos sem julgá-los\n5. Quando a mente vagar, volte gentilmente para a respiração\n6. Termine com gratidão pelo tempo que deu para si mesmo\n\n**Lidando com o desconforto inicial**\n\nÉ normal sentir desconforto no início.\nSua mente pode:\n• Criar urgências falsas\n• Gerar ansiedade\n• Produzir pensamentos negativos\n• Fazer você querer desistir\n\nIsso é normal.\nÉ sua mente se desintoxicando do vício em estímulos.\nSeja paciente consigo mesmo.\n\n**O silêncio como medicina**\n\nEm um mundo barulhento, silêncio é medicina.\nEm uma vida acelerada, pausa é cura.\nEm uma mente agitada, quietude é alívio.\n\nVocê não precisa de mais informação.\nPrecisa de mais silêncio.\n\nNão precisa de mais estímulos.\nPrecisa de mais paz.\n\nNão precisa de mais barulho.\nPrecisa de mais você.\n\n**Para terminar: o compromisso com o silêncio**\n\nFaça um compromisso consigo mesmo:\n\n\"Eu me comprometo a:\n• Criar momentos diários de silêncio\n• Respeitar minha necessidade de quietude\n• Não me sentir culpado por pausar\n• Usar o silêncio como ferramenta de autocuidado\n• Ensinar outros sobre o valor da pausa\"\n\nO silêncio não é luxo.\nÉ necessidade.\n\nSua alma está pedindo uma pausa.\nDê esse presente para ela.\nE para você.\n\nO silêncio está esperando.\nVocê só precisa parar de fugir dele.",
    "order": 9
  },
  {
    "id": "cap10",
    "title": "Aqui. Agora. E Isso Já É Tudo.",
    "content": "Você passou a vida inteira esperando.\n\nEsperando crescer.\nEsperando se formar.\nEsperando o emprego ideal.\nEsperando o relacionamento perfeito.\nEsperando ter dinheiro suficiente.\nEsperando ser feliz.\nEsperando a vida \"começar de verdade\".\n\nMas e se eu te dissesse que a vida já começou?\nQue ela está acontecendo agora?\nNeste exato momento?\nEnquanto você lê estas palavras?\n\nE se a felicidade que você busca não estiver no futuro, mas na sua capacidade de estar presente com o que já existe?\n\n**O fim da busca**\n\nA busca é infinita.\nSempre há algo mais para conquistar.\nAlgo mais para melhorar.\nAlgo mais para ter.\nAlgo mais para ser.\n\nMas quando você para de buscar e começa a perceber, descobre que:\n• Você já tem o suficiente\n• Você já é suficiente\n• Este momento já é suficiente\n\n**A armadilha do \"quando eu..., então eu...\"**\n\n\"Quando eu conseguir aquele emprego, então serei feliz.\"\n\"Quando eu emagrecer, então me amarei.\"\n\"Quando eu tiver dinheiro, então relaxarei.\"\n\"Quando eu encontrar alguém, então me sentirei completo.\"\n\nEssa é a armadilha que mantém você sempre no futuro, nunca no presente.\nA verdade é:\nSe você não consegue ser feliz agora, não conseguirá ser feliz quando conseguir o que quer.\nPorque sempre haverá um próximo \"quando eu...\".\n\n**O que significa estar aqui e agora**\n\n**Aqui** significa:\n• Aceitar onde você está na vida\n• Parar de lutar contra a realidade atual\n• Encontrar beleza no imperfeito\n• Valorizar o que você tem\n\n**Agora** significa:\n• Parar de viver no passado ou futuro\n• Estar presente com suas emoções atuais\n• Tomar decisões baseadas no momento presente\n• Perceber a vida acontecendo\n\n**E isso já é tudo** significa:\n• Você não precisa de mais nada para ser completo\n• Este momento contém tudo que você precisa\n• A paz está disponível agora, não depois\n• Você já é suficiente\n\n**Práticas para viver o agora**\n\n**1. A gratidão pelo ordinário**\nEm vez de esperar momentos extraordinários, encontre magia no comum:\n• O sabor do café da manhã\n• O calor do sol na pele\n• O som da chuva\n• O abraço de alguém querido\n• A sensação de respirar\n\n**2. A aceitação radical**\nPare de lutar contra o que é.\nIsso não significa conformismo, significa paz com a realidade atual enquanto você trabalha para mudá-la.\n\n\"Eu aceito que estou aqui agora.\nEu aceito como me sinto agora.\nEu aceito o que tenho agora.\nE a partir dessa aceitação, posso escolher meus próximos passos.\"\n\n**3. A presença nas atividades simples**\nTransforme atividades rotineiras em práticas de presença:\n• Escovar os dentes com atenção\n• Lavar louça sentindo a água\n• Caminhar percebendo cada passo\n• Comer saboreando cada mordida\n\n**4. O check-in emocional**\nVárias vezes ao dia, pergunte:\n\"Como estou me sentindo agora?\"\n\"Do que preciso neste momento?\"\n\"O que posso fazer para cuidar de mim agora?\"\n\n**A beleza do imperfeito**\n\nSua vida não precisa ser perfeita para ser bela.\nVocê não precisa ter tudo resolvido para ser feliz.\nEste momento não precisa ser ideal para ser valioso.\n\nA beleza está:\n• Na bagunça que é ser humano\n• Na vulnerabilidade de não saber tudo\n• Na coragem de continuar tentando\n• Na gentileza consigo mesmo nos dias difíceis\n• Na capacidade de recomeçar sempre\n\n**O paradoxo da presença**\n\nQuando você para de perseguir a felicidade, ela aparece.\nQuando você para de buscar paz, ela se revela.\nQuando você para de tentar controlar tudo, a vida flui.\nQuando você aceita o que é, pode transformar o que será.\n\n**Exercício final: o momento perfeito**\n\nAgora mesmo, onde você está:\n\n1. Respire fundo 3 vezes\n2. Olhe ao redor e encontre algo belo\n3. Sinta gratidão por estar vivo\n4. Perceba que você sobreviveu a 100% dos seus piores dias\n5. Reconheça sua força e resiliência\n6. Diga para si mesmo: \"Eu estou aqui. Eu estou bem. E isso é suficiente.\"\n\n**A carta de despedida para a busca**\n\n\"Querida busca incessante,\n\nObrigado por me motivar a crescer.\nMas agora eu entendo:\nA vida não está no destino.\nEstá na jornada.\nNão está no futuro.\nEstá no presente.\nNão está no que falta.\nEstá no que já existe.\n\nEu escolho parar de correr atrás da felicidade e começar a percebê-la onde ela já está.\nEu escolho parar de esperar a vida perfeita e começar a viver a vida real.\nEu escolho estar aqui, agora.\n\nE isso já é tudo.\n\nCom amor e presença,\nEu\"\n\n**O convite final**\n\nEste livro termina, mas sua jornada de presença apenas começa.\n\nVocê não precisa ser perfeito.\nNão precisa ter todas as respostas.\nNão precisa estar sempre bem.\n\nVocê só precisa estar aqui.\nAgora.\nCom gentileza consigo mesmo.\nCom aceitação do que é.\nCom esperança no que pode ser.\n\nE isso já é tudo.\nSempre foi.\nSempre será.\n\nBem-vindo ao agora.\nBem-vindo à sua vida.\nBem-vindo à calma que sempre esteve dentro de você.\n\nRespire.\nVocê chegou.",
    "order": 10
  },
  {
    "id": "bonus",
    "title": "Quando o Desespero Bate e o Descontrole Vem",
    "content": "Há momentos em que tudo desmorona.\n\nQuando as técnicas de respiração parecem insuficientes.\nQuando a meditação não funciona.\nQuando a gratidão soa falsa.\nQuando você sente que está perdendo o controle de tudo.\n\nEste capítulo é para esses momentos.\nPara quando você está no fundo do poço.\nPara quando a escuridão parece infinita.\nPara quando você precisa de algo mais do que \"pense positivo\".\n\n**Você não está quebrado**\n\nPrimeiro, a verdade mais importante:\nVocê não está quebrado.\nVocê não é fraco.\nVocê não é um fracasso.\n\nVocê é um ser humano passando por um momento humano.\nE momentos humanos incluem dor, medo, desespero e confusão.\n\nIsso não é falha.\nÉ vida.\n\n**Quando tudo parece impossível**\n\nNos momentos mais difíceis, seu cérebro pode te convencer de que:\n• Nada vai melhorar\n• Você não consegue mais\n• Todo mundo está melhor que você\n• Você é um peso para os outros\n• Não há saída\n\nEsses pensamentos são sintomas da dor, não verdades absolutas.\nSão a mente tentando processar uma sobrecarga emocional.\n\n**O kit de emergência emocional**\n\nPara os momentos de crise aguda:\n\n**1. A técnica 5-4-3-2-1**\nQuando você sentir que está perdendo o controle:\n• 5 coisas que você pode ver\n• 4 coisas que você pode tocar\n• 3 coisas que você pode ouvir\n• 2 coisas que você pode cheirar\n• 1 coisa que você pode saborear\n\nIsso te traz de volta para o corpo e para o presente.\n\n**2. A respiração de emergência**\nQuando a ansiedade estiver no pico:\n• Expire todo o ar dos pulmões\n• Inspire lentamente pelo nariz por 4 segundos\n• Segure por 7 segundos\n• Expire pela boca por 8 segundos\n• Repita até se sentir mais calmo\n\n**3. O mantra de sobrevivência**\nRepita para si mesmo:\n\"Eu já passei por coisas difíceis antes.\nEu vou passar por isso também.\nEu não preciso ser forte o tempo todo.\nEu só preciso respirar agora.\"\n\n**4. A posição de segurança**\n• Sente-se no chão\n• Encoste as costas na parede\n• Abrace os joelhos\n• Respire devagar\n• Lembre-se: você está seguro agora\n\n**Quando você não consegue parar de chorar**\n\nChorar não é fraqueza.\nÉ liberação.\nÉ o corpo processando emoções.\nÉ cura acontecendo.\n\nPermita-se chorar.\nNão tente parar.\nChore até não ter mais lágrimas.\nE então respire.\n\n**Quando você se sente sozinho no mundo**\n\nA solidão na dor é uma das sensações mais difíceis.\nMas lembre-se:\n\n• Milhões de pessoas já sentiram exatamente o que você está sentindo\n• Sua dor não te torna um fardo\n• Pedir ajuda é coragem, não fraqueza\n• Você merece apoio e cuidado\n• Esta sensação de solidão é temporária\n\n**Números de emergência emocional**\n\nSe você está pensando em se machucar:\n• CVV (Centro de Valorização da Vida): 188\n• CAPS (Centro de Atenção Psicossocial) da sua cidade\n• Emergência: 192 ou 193\n• Procure o hospital mais próximo\n\nSua vida tem valor.\nVocê importa.\nExiste ajuda disponível.\n\n**O que fazer quando não consegue fazer nada**\n\nÀs vezes, a única coisa que você consegue fazer é existir.\nE isso é suficiente.\n\nNesses dias:\n• Respire\n• Beba água\n• Coma algo, mesmo que pouco\n• Durma, se conseguir\n• Tome banho, se possível\n• Não se cobre por não ser produtivo\n\nSobreviver já é uma vitória.\n\n**A carta para você no seu pior dia**\n\n\"Para você que está sofrendo agora,\n\nEu sei que dói.\nEu sei que parece que não vai passar.\nEu sei que você está cansado de tentar.\n\nMas você já sobreviveu a 100% dos seus piores dias.\nVocê é mais forte do que imagina.\nVocê é mais resiliente do que acredita.\nVocê é mais amado do que sente.\n\nEsta dor não é permanente.\nEste momento não é para sempre.\nVocê não está sozinho.\nVocê vai conseguir.\n\nUm passo de cada vez.\nUma respiração de cada vez.\nUm momento de cada vez.\n\nEu acredito em você.\nMesmo quando você não acredita em si mesmo.\n\nCom todo o amor,\nAlguém que já esteve onde você está\"\n\n**Sinais de que você está se recuperando**\n\n• Você consegue dormir algumas horas seguidas\n• Você sente fome ou sede\n• Você consegue tomar banho\n• Você responde uma mensagem\n• Você sai de casa, mesmo que por poucos minutos\n• Você sorri, mesmo que brevemente\n• Você pensa no futuro sem pânico\n\nCada pequeno sinal é uma vitória.\nCelebre cada um.\n\n**Construindo sua rede de apoio**\n\nIdentifique:\n• Uma pessoa para quem você pode ligar em crise\n• Um lugar onde você se sente seguro\n• Uma atividade que te acalma\n• Um profissional de saúde mental\n• Um grupo de apoio (presencial ou online)\n\nTer uma rede preparada antes da crise facilita pedir ajuda quando precisar.\n\n**O que dizer para alguém em crise**\n\nSe alguém próximo está passando por isso:\n\n**Diga:**\n• \"Eu estou aqui.\"\n• \"Você não está sozinho.\"\n• \"Isso deve estar sendo muito difícil.\"\n• \"Você quer conversar ou quer que eu apenas fique aqui?\"\n• \"Eu me importo com você.\"\n\n**Não diga:**\n• \"Poderia ser pior.\"\n• \"Pense positivo.\"\n• \"Outras pessoas passam por coisas piores.\"\n• \"É só uma fase.\"\n• \"Você precisa ser forte.\"\n\n**A promessa para si mesmo**\n\nFaça esta promessa:\n\n\"Eu prometo:\n• Pedir ajuda quando precisar\n• Não me julgar por ter dias difíceis\n• Lembrar que sentimentos são temporários\n• Tratar-me com a mesma gentileza que trataria um amigo\n• Acreditar que posso me recuperar\n• Dar tempo ao tempo\n• Não desistir de mim\"\n\n**Para terminar: você vai conseguir**\n\nEste momento difícil não define você.\nEsta dor não é sua identidade.\nEsta crise não é seu destino.\n\nVocê é maior que seus problemas.\nVocê é mais forte que sua dor.\nVocê é mais resiliente que imagina.\n\nE quando você sair do outro lado — e você vai sair — você terá uma sabedoria e uma compaixão que só quem passou pela escuridão pode ter.\n\nVocê vai usar essa experiência para ajudar outros.\nVocê vai ser a luz que alguém precisa.\nVocê vai ser prova viva de que é possível se recuperar.\n\nMas por agora, apenas respire.\nApenas exista.\nApenas seja gentil consigo mesmo.\n\nVocê vai conseguir.\nEu acredito em você.\nO mundo precisa de você.\nVocê importa.\n\nRespire.\nVocê não está sozinho.",
    "order": 11
  }
]

